{
  "version": "v0.1",
  "menus": [
    {
      "key": "file",
      "name": "文件",
      "menus": [
        [
          {
            "name": "新建项目"
          },
          {
            "name": "新建连接",
            "menus": [
              {
                "name": "MySQL"
              }
            ]
          },
          {
            "name": "新建",
            "menus": [
              {
                "name": "表"
              },
              {
                "name": "视图"
              },
              {
                "name": "函数"
              },
              {
                "name": "用户"
              },
              {
                "name": "其他"
              }
            ]
          }
        ]
      ]
    }
  ]
}